Abilene Christian,Abilene Christian
Air Force,Air Force
Akron,Akron
Alabama,Alabama
Alabama State,Alabama State
Alcorn State,Alcorn State
Appalachian State,Appalachian State
Arizona,Arizona
Arizona State,Arizona State
Arkansas,Arkansas
Arkansas State,Arkansas State
Army,Army
Auburn,Auburn
Ball State,Ball State
Baylor,Baylor
Boise State,Boise State
Boston College,Boston College
Bowling Green,Bowling Green
Buffalo,Buffalo
BYU,BYU
California,California
Central Michigan,Central Michigan
Charlotte,Charlotte
Chattanooga,Chattanooga
Cincinnati,Cincinnati
Clemson,Clemson
Coastal Carolina,Coastal Carolina
Colorado,Colorado
Colorado State,Colorado State
Connecticut,Connecticut
Delaware,Delaware
Duke,Duke
East Carolina,East Carolina
Eastern Kentucky,Eastern Kentucky
Eastern Michigan,Eastern Michigan
Eastern Washington,Eastern Washington
Florida,Florida
Florida Atlantic,Florida Atlantic
Florida International,Florida International
Florida State,Florida State
Fresno State,Fresno State
Furman,Furman
Georgia,Georgia
Georgia Southern,Georgia Southern
Georgia State,Georgia State
Georgia Tech,Georgia Tech
Hampton,Hampton
Houston,Houston
Idaho,Idaho
Idaho State,Idaho State
Illinois,Illinois
Illinois State,Illinois State
Indiana,Indiana
Iowa,Iowa
Iowa State,Iowa State
Jackson State,Jackson State
Jacksonville State,Jacksonville State
James Madison,James Madison
Kansas,Kansas
Kansas State,Kansas State
Kent State,Kent State
Kentucky,Kentucky
Liberty,Liberty
Louisiana,Louisiana
Louisiana Tech,Louisiana Tech
Louisiana-Monroe,Louisiana Monroe
Louisville,Louisville
LSU,LSU
Marshall,Marshall
Maryland,Maryland
Memphis,Memphis
Miami,Miami
Miami (OH),Miami (OH)
Michigan,Michigan
Michigan State,Michigan State
Minnesota,Minnesota
Mississippi State,Mississippi State
Missouri,Missouri
Montana,Montana
Montana State,Montana State
Morgan State,Morgan State
Navy,Navy
Nebraska,Nebraska
Nevada,Nevada
New Mexico,New Mexico
New Mexico State,New Mexico State
Norfolk State,Norfolk State
North Carolina,North Carolina
North Carolina A&T,North Carolina A&T
North Carolina Central,North Carolina Central
North Dakota State,North Dakota State
North Texas,North Texas
Northern Arizona,Northern Arizona
Northern Colorado,Northern Colorado
Northern Illinois,Northern Illinois
Northern Iowa,Northern Iowa
Northwestern,Northwestern
Northwestern State,Northwestern State
Notre Dame,Notre Dame
Ohio,Ohio
Ohio State,Ohio State
Oklahoma,Oklahoma
Oklahoma State,Oklahoma State
Old Dominion,Old Dominion
Oregon,Oregon
Oregon State,Oregon State
Penn State,Penn State
Pittsburgh,Pittsburgh
Portland State,Portland State
Purdue,Purdue
Rice,Rice
Richmond,Richmond
Rutgers,Rutgers
Sam Houston State,Sam Houston State
Samford,Samford
San Diego,San Diego
San Diego State,San Diego State
San Jose State,San Jose State
Savannah State,Savannah State
SMU,SMU
South Alabama,South Alabama
South Carolina,South Carolina
South Carolina State,South Carolina State
South Florida,South Florida
Southeastern Louisiana,Southeastern Louisiana
Southern,Southern
Southern Illinois,Southern Illinois
Southern Utah,Southern Utah
Stanford,Stanford
Syracuse,Syracuse
TCU,TCU
Temple,Temple
Tennessee,Tennessee
Tennessee State,Tennessee State
Tennessee Tech,Tennessee Tech
Texas,Texas
Texas A&M,Texas A&M
Texas State,Texas State
Texas Tech,Texas Tech
Toledo,Toledo
Towson,Towson
Troy,Troy
Tulane,Tulane
Tulsa,Tulsa
UC Davis,UC Davis
UCLA,UCLA
UNLV,UNLV
USC,USC
Utah,Utah
Utah State,Utah State
Vanderbilt,Vanderbilt
Villanova,Villanova
Virginia,Virginia
Virginia Tech,Virginia Tech
Wake Forest,Wake Forest
Washington,Washington
Washington State,Washington State
Weber State,Weber State
West Virginia,West Virginia
Western Carolina,Western Carolina
Western Kentucky,Western Kentucky
Western Michigan,Western Michigan
Wisconsin,Wisconsin
Wyoming,Wyoming
Yale,Yale
Youngstown State,Youngstown State
Bowling Green State,Bowling Green
Middle Tennessee State,Middle Tennessee
North Carolina State,NC State
Hawaii,Hawaii
Grambling State,Grambling
McNeese State,McNeese
Nicholls State,Nicholls
Louisiana State,LSU
Mississippi,Ole Miss
Texas A&M-Commerce,Texas A&M-Commerce
West Texas A&M,West Texas A&M
Middle Tennessee St.,Middle Tennessee
New Mexico St.,New Mexico State
San Diego St.,San Diego State
North Dakota St,North Dakota State
South Dakota St.,South Dakota State
North Carolina St.,North Carolina St.
Louisiana-Lafayette,Lafayette
Southern California,USC
Southern Oregon,Southern Oregon
California (PA),California (PA)
California-Davis,UC Davis
Central Florida,UCF
Central Missouri,Central Missouri
Central Washington,Washington
Indiana (PA),Indiana (PA)
Kansas St.,Kansas State
Miami (FL),Miami
Minnesota-Morris,Minnesota-Morris
Missouri Southern,Missouri Southern
Missouri Western,Missouri Western
Montana St,Montana State
North Alabama,North Alabama
Ohio St.,Ohio State
Oklahoma St.,Oklahoma State
Oregon St.,Oregon State
West Liberty,West Liberty
Texas-San Antonio,UT San Antonio
San Jose St,San Jose State
San Jose St.,San Jose State
Appalachian St.,Appalachian State
Ball St.,Ball State
Boise St.,Boise State
Fresno St.,Fresno State
Jacksonville St.,Jacksonville State
Penn St.,Penn State
West Georgia,West Georgia
Southern Miss,Southern Mississippi
Tennessee-Martin,UT Martin
Texas Christian,Texas Christian
Texas College,Texas College
Alabama-Birmingham,UAB
Azusa Pacific,Azusa Pacific
Brigham Young,BYU
Cheyney,Cheyney
Clark Atlanta,Clark Atlanta
Colorado St.,Colorado State
Ferris St.,Ferris St.
Florida St.,Florida State
Fort Hays State,Fort Hays State
Glenville State,Glenville State
Hillsdale,Hillsdale
Iowa St.,Iowa State
Lane (TN),Lane (TN)
Louisiana St,LSU
Mars Hill,Mars Hill
Massachusetts,UMass
Michigan St.,Michigan State
Mississippi St.,Mississippi State
Northwestern St. (LA),Northwestern St. (LA)
Shepherd,Shepherd
Southern Methodist,SMU
Stillman,Stillman
Texas St.,Texas State
Texas-El Paso,UTEP
Utah St.,Utah State
Washington St.,Washington State
Wayne State (MI),Wayne State (MI)
Alabama A & M University,Alabama A & M University
Austin Peay State University,Austin Peay State University
"Binghamton University, The State University of New York",Binghampton
Bowling Green State University,Bowling Green
California Polytechnic State University-San Luis Obispo,California Polytechnic State University-San Luis Obispo
California State University-Bakersfield,California State University-Bakersfield
California State University-Fresno,California State University-Fresno
California State University-Fullerton,California State University-Fullerton
California State University-Long Beach,California State University-Long Beach
California State University-Northridge,California State University-Northridge
California State University-Sacramento,California State University-Sacramento
Central Connecticut State University,Central Connecticut State University
Chicago State University,Chicago State University
Citadel Military College of South Carolina,Citadel Military College of South Carolina
Cleveland State University,Cleveland State University
College of Charleston,College of Charleston
College of William and Mary,College of William and Mary
Coppin State University,Coppin State University
Delaware State University,Delaware State University
East Tennessee State University,East Tennessee State University
Eastern Illinois University,Eastern Illinois University
Florida Agricultural and Mechanical University,Florida Agricultural and Mechanical University
Florida Gulf Coast University,Florida Gulf Coast University
George Mason University,George Mason University
Georgia Institute of Technology,Georgia Tech
Grambling State University,Grambling
Indiana State University,Indiana State University
Indiana University-Bloomington,Indiana University-Bloomington
Indiana University-Purdue University-Indianapolis,Indiana University-Purdue University-Indianapolis
Kennesaw State University,Kennesaw State University
Lamar University,Lamar University
Longwood University,Longwood University
Louisiana State University and Agricultural & Mechanical College,Louisiana State University and Agricultural & Mechanical College
McNeese State University,McNeese
Middle Tennessee State University,Middle Tennessee
Mississippi Valley State University,Mississippi Valley State University
Missouri State University,Missouri State University
Morehead State University,Morehead State University
Murray State University,Murray State University
New Jersey Institute of Technology,New Jersey Institute of Technology
Nicholls State University,Nicholls
North Carolina A & T State University,North Carolina A&T
North Carolina State University at Raleigh,North Carolina State University at Raleigh
Northern Kentucky University,Northern Kentucky University
Northwestern State University of Louisiana,Northwestern State University of Louisiana
Oakland University,Oakland University
Pennsylvania State University,Penn State
Prairie View A & M University,Prairie View A & M University
Purdue University Fort Wayne,Purdue University Fort Wayne
Radford University,Radford University
"Rutgers, The State University of New Jersey-New Brunswick",Rutgers
Southeast Missouri State University,Southeast Missouri State University
Southern Illinois University-Carbondale,Southern Illinois University-Carbondale
Southern Illinois University-Edwardsville,Southern Illinois University-Edwardsville
Southern University and A & M College,Southern University and A & M College
Stephen F Austin State University,Stephen F Austin State University
Stony Brook University,Stony Brook University
Tennessee Technological University,Tennessee Technological University
Texas A & M University,Texas A&M
Texas A & M University-Corpus Christi,Texas A & M University-Corpus Christi
Texas Southern University,Texas Southern University
The University of Tennessee at Chattanooga,The University of Tennessee at Chattanooga
The University of Tennessee at Martin,The University of Tennessee at Martin
The University of Texas at Arlington,The University of Texas at Arlington
The University of Texas at Austin,Texas
The University of Texas at El Paso,The University of Texas at El Paso
The University of Texas at San Antonio,The University of Texas at San Antonio
The University of Texas Rio Grande Valley,The University of Texas Rio Grande Valley
United States Air Force Academy,Air Force
United States Military Academy,Army
"University at Albany, State University of New York","University at Albany, State University of New York"
"University at Buffalo, The State University of New York",Buffalo
University of Alabama at Birmingham,UAB
University of Arkansas at Little Rock,University of Arkansas at Little Rock
University of Arkansas at Pine Bluff,University of Arkansas at Pine Bluff
University of California-Berkeley,California
University of California-Davis,UC Davis
University of California-Irvine,University of California-Irvine
University of California-Los Angeles,UCLA
University of California-Riverside,University of California-Riverside
University of California-Santa Barbara,University of California-Santa Barbara
University of Central Arkansas,University of Central Arkansas
University of Central Florida,UCF
University of Colorado Boulder,Colorado
University of Hawaii at Manoa,Hawaii
University of Illinois at Chicago,University of Illinois at Chicago
University of Illinois at Urbana-Champaign,Illinois
University of Louisiana at Lafayette,Lafayette
University of Louisiana at Monroe,Louisiana Monroe
University of Maine,Louisiana Monroe
University of Maryland Eastern Shore,University of Maryland Eastern Shore
University of Maryland-Baltimore County,University of Maryland-Baltimore County
University of Maryland-College Park,Maryland
University of Massachusetts Amherst,University of Massachusetts Amherst
University of Massachusetts-Lowell,University of Massachusetts-Lowell
University of Minnesota-Twin Cities,University of Minnesota-Twin Cities
University of Mississippi,Ole Miss
University of Missouri-Columbia,Missouri
University of Missouri-Kansas City,University of Missouri-Kansas City
University of Nebraska at Omaha,University of Nebraska at Omaha
University of Nebraska-Lincoln,Nebraska
University of Nevada-Las Vegas,UNLV
University of Nevada-Reno,University of Nevada-Reno
University of New Hampshire,University of New Hampshire
University of New Orleans,University of New Orleans
University of North Carolina at Asheville,University of North Carolina at Asheville
University of North Carolina at Chapel Hill,North Carolina
University of North Carolina at Charlotte,University of North Carolina at Charlotte
University of North Carolina at Greensboro,University of North Carolina at Greensboro
University of North Carolina at Wilmington,University of North Carolina at Wilmington
University of North Dakota,University of North Dakota
University of North Florida,University of North Florida
University of Rhode Island,University of Rhode Island
University of South Carolina Upstate,University of South Carolina Upstate
University of South Dakota,University of South Dakota
University of Vermont,University of Vermont
University of Wisconsin-Green Bay,University of Wisconsin-Green Bay
University of Wisconsin-Madison,Wisconsin
University of Wisconsin-Milwaukee,University of Wisconsin-Milwaukee
Utah Valley University,Utah Valley University
Virginia Commonwealth University,Virginia Commonwealth University
Virginia Military Institute,Virginia Military Institute
Virginia Polytechnic Institute and State University,Virginia Polytechnic Institute and State University
Western Illinois University,Western Illinois University
Wichita State University,Wichita State University
Winthrop University,Winthrop University
Wright State University,Wright State University
